energy_eV,value
2.78,500.0000000000
2.92,275.5184427985
3.08,48.3357278358
3.22,8.4944764515
3.40,0.7522073945
