energy_eV,value
2.78,0.0000000000
2.92,1.0000000000
3.08,0.4188502642
3.22,0.1755872474
3.40,0.0522508622
