energy_eV,value
2.78,500.0000000000
2.92,500.0000000000
3.08,296.6302041361
3.22,95.3490760925
3.40,11.3795269708
