energy_eV,value
2.78,0.0000000000
2.92,1.0000000000
3.08,0.7702339958
3.22,0.4366899955
3.40,0.1508610418
